lead_id,company,domain,website,source_query,title,description,emails,email_titles,phones,contact_page,linkedin,detected_tech,categories,reseller_score,priority,reasons,suggested_angle,outreach_subject,outreach_email,status,country,country_name,notes,crawled_at
888f2b7dfe,Chatgpt Fr,chatgpt-fr.fr,https://chatgpt-fr.fr/,développement web france,ChatGPT Français - L'intelligence artificielle au quotidien,"Utilisez ChatGPT en Français, un modèle de langage puissant développé par OpenAI. Obtenez des réponses humaines à vos requêtes grâce à la puissance de GPT-5.",contact@chatgpt-fr.fr,,,mailto: contact@chatgpt-fr.fr?subject=Assistance ChatGPT FR,,Magento,"ai_interest, communication, public_sector, seo, web_agency, wordpress",100,A - High fit,"web_agency: website; wordpress: divi; seo: seo; communication: contenu, content; public_sector: région; ai_interest: ia, intelligence artificielle, ai, chatgpt; has services/customers/cases language; offers maintenance/support",Offer BlueSearch as an AI product-search add-on for Magento stores — boosts conversion and can be sold as a recurring service.,AI search add-on for Chatgpt Fr's website customers,"Hi Chatgpt Fr,

I noticed you work with websites and digital customer communication in France. We build BlueSearch, an AI-powered search layer that can be added to existing websites so visitors can ask questions and get answers with source links.

Why this may fit your customers:
- easy add-on for existing sites
- useful for content-heavy websites, WordPress/WooCommerce, public information and documentation
- can be sold as a recurring managed service

Suggested angle for chatgpt-fr.fr: Offer BlueSearch as an AI product-search add-on for Magento stores — boosts conversion and can be sold as a recurring service.

Would it be useful if I sent a short demo showing how it works on a real website?

Best regards,
Leif Auke
BlueBoot R&D AS
https://blueboot.ai
",New,FR,France,,2026-05-24T14:19:06+00:00
e2fee05cdf,Nettlageren,nettlageren.no,https://nettlageren.no/nettsidebyggere/,nettsider for bedrifter norge,Nettsidebygger: Vi har testet de 10 beste plattformene (2025),Når du skal bygge din egen nettside er det viktig å vite hvilke muligheter som finnes. Det kan nemlig være store forskjeller i priser og hvilke funksjonaliteter man finner i en nettsidebygger.,,,,https://nettlageren.no/om-oss/,,"Magento, Shopify, Squarespace, Webflow, WooCommerce, WordPress, WordPress 6.7.5","ai_interest, communication, public_sector, seo, web_agency, wordpress",100,A - High fit,"web_agency: webdesign, nettside, nettsider, hjemmeside; wordpress: wordpress, wp-content, woocommerce, elementor; seo: seo, søkemotoroptimalisering, synlighet, search engine optimization; communication: innhold, content; public_sector: stat; ai_interest: ai, ki; has services/customers/cases language; offers maintenance/support; agency language: portefølje",Offer BlueSearch as an AI product-search add-on for WooCommerce stores — boosts conversion and can be sold as a recurring service.,AI search add-on for Nettlageren's website customers,"Hi Nettlageren,

I noticed you work with websites and digital customer communication in Norway. We build BlueSearch, an AI-powered search layer that can be added to existing websites so visitors can ask questions and get answers with source links.

Why this may fit your customers:
- easy add-on for existing sites
- useful for content-heavy websites, WordPress/WooCommerce, public information and documentation
- can be sold as a recurring managed service

Suggested angle for nettlageren.no: Offer BlueSearch as an AI product-search add-on for WooCommerce stores — boosts conversion and can be sold as a recurring service.

Would it be useful if I sent a short demo showing how it works on a real website?

Best regards,
Leif Auke
BlueBoot R&D AS
https://blueboot.ai
",New,NO,Norway,,2026-05-24T14:19:44+00:00
a5fe7176fd,Webhuset,webhuset.no,https://www.webhuset.no/nettsidebygger,nettsider for bedrifter norge,Lag din egennettside! - Webhuset,Nettside fra kun 87 kr,,,+47 90 20 30 00,,https://www.linkedin.com/company/webhuset-as/,"Elementor, Magento, WordPress, WordPress 6.8.3","ai_interest, communication, public_sector, seo, web_agency, wordpress",100,A - High fit,"web_agency: nettside, nettsider, hjemmeside, website; wordpress: wordpress, wp-content, elementor, divi; seo: seo, synlighet, search engine optimization; communication: innhold, content; public_sector: stat; ai_interest: ai, ki; offers maintenance/support; agency language: partner",Offer BlueSearch as an AI product-search add-on for Magento stores — boosts conversion and can be sold as a recurring service.,AI search add-on for Webhuset's website customers,"Hi Webhuset,

I noticed you work with websites and digital customer communication in Norway. We build BlueSearch, an AI-powered search layer that can be added to existing websites so visitors can ask questions and get answers with source links.

Why this may fit your customers:
- easy add-on for existing sites
- useful for content-heavy websites, WordPress/WooCommerce, public information and documentation
- can be sold as a recurring managed service

Suggested angle for webhuset.no: Offer BlueSearch as an AI product-search add-on for Magento stores — boosts conversion and can be sold as a recurring service.

Would it be useful if I sent a short demo showing how it works on a real website?

Best regards,
Leif Auke
BlueBoot R&D AS
https://blueboot.ai
",New,NO,Norway,,2026-05-24T14:20:07+00:00
e498feb10c,Digitalhjelp1,digitalhjelp1.no,https://digitalhjelp1.no/beste-nettsidebyggere/,nettsider for bedrifter norge,De 10 beste nettsidebyggerne i Norge (2025),"Finn de beste nettsidebyggerne! Utforsk plattformer som Wix, WordPress, Shopify og Squarespace. Perfekt for nybegynnere og avanserte brukere.",,,,https://digitalhjelp1.no/om-oss/,,"Magento, Shopify, Squarespace, Webflow, WordPress, WordPress 7.0","ai_interest, communication, public_sector, seo, web_agency, wordpress",100,A - High fit,"web_agency: webdesign, nettside, nettsider, website; wordpress: wordpress, wp-content, elementor; seo: seo, search engine optimization; communication: kommunikasjon, innhold, content; public_sector: stat; ai_interest: ai, ki; has services/customers/cases language; offers maintenance/support; agency language: referanser, portefølje, oppdrag",Offer BlueSearch as an AI product-search add-on for Magento stores — boosts conversion and can be sold as a recurring service.,AI search add-on for Digitalhjelp1's website customers,"Hi Digitalhjelp1,

I noticed you work with websites and digital customer communication in Norway. We build BlueSearch, an AI-powered search layer that can be added to existing websites so visitors can ask questions and get answers with source links.

Why this may fit your customers:
- easy add-on for existing sites
- useful for content-heavy websites, WordPress/WooCommerce, public information and documentation
- can be sold as a recurring managed service

Suggested angle for digitalhjelp1.no: Offer BlueSearch as an AI product-search add-on for Magento stores — boosts conversion and can be sold as a recurring service.

Would it be useful if I sent a short demo showing how it works on a real website?

Best regards,
Leif Auke
BlueBoot R&D AS
https://blueboot.ai
",New,NO,Norway,,2026-05-24T14:20:14+00:00
e1c4bdf657,Try,try.no,https://try.no/,reklamebyrå nettsider norge,TRY | Kåret til Norges beste byrå 22 år på rad,Vi har bygget alle selskaper på ett sted slik at du som kunde kan få utført alle tjenester som har med kommunikasjon å gjøre under samme tak i TRY-huset.,"anna.torgersen@trebergen.no, barbro.fagerbakk@try.no, beining@beiningbogen.no, camilla.brustad-nilsen@try.no, gunnar@try.no, hanan@try.no, hello@try.no, ingrid.holstad@try.no, iselin.dahl@try.no, jannicke@try.no, kjetil@try.no, kot@try.no, lasse.maugesten@try.no, madeleine@try.no, martin.jensen@try.no, miljofyrtarn@try.no, post@try.no, sindre.beyer@try.no, stine.gs@try.no, tonje@try.no","Daglig leder i Tre </p> </, CEO </p> </div>, Daglig leder i Beining &amp; Bogen </p>, Direktør strategi og AI-rådgivning </p>, CEO </p> </div>, Daglig leder </p> </div>, , CFO </p> </div>, Leder for TRY Pluss og prosjektleder i Råd </p>, Leder </p> </div>, , , Direktør strategi og AI-rådgivning </p>, , Leder for AI &amp; Transformasjon </p>, , , CEO </p> </div>, Daglig leder </p> </div>, Head of Design </p> </div>","+371 29 114 183, +47 22 40 05 00, +47 40 60 66 68, +47 41 67 92 41, +47 90 13 60 45, +47 90 77 31 84, +47 90 98 99 70, +47 90 99 20 78, +47 91 12 92 19, +47 92 29 67 11, +47 93 02 56 50, +47 95 74 15 18, +47 96 62 90 00, +47 97 00 81 37, +47 97 57 33 82, +47 97 75 82 38, +47 98 85 73 51, +47 99 29 79 83, +47 99 70 21 44",https://try.no/om-oss,https://www.linkedin.com/company/1223914/admin/dashboard/,"HubSpot, Magento, Shopify","ai_interest, communication, public_sector, seo, web_agency, wordpress",100,A - High fit,"web_agency: webdesign, nettside, nettsider, web design; wordpress: divi; seo: seo, synlighet; communication: kommunikasjonsbyrå, kommunikasjon, innhold, content; public_sector: stat, helse; ai_interest: ai, ki, kunstig intelligens; has services/customers/cases language; offers maintenance/support; agency language: vi utvikler, våre kunder, partner; NON-AGENCY penalty (regnskap): -30",Offer BlueSearch as an AI product-search add-on for Magento stores — boosts conversion and can be sold as a recurring service.,AI search add-on for Try's website customers,"Hi Try,

I noticed you work with websites and digital customer communication in Norway. We build BlueSearch, an AI-powered search layer that can be added to existing websites so visitors can ask questions and get answers with source links.

Why this may fit your customers:
- easy add-on for existing sites
- useful for content-heavy websites, WordPress/WooCommerce, public information and documentation
- can be sold as a recurring managed service

Suggested angle for try.no: Offer BlueSearch as an AI product-search add-on for Magento stores — boosts conversion and can be sold as a recurring service.

Would it be useful if I sent a short demo showing how it works on a real website?

Best regards,
Leif Auke
BlueBoot R&D AS
https://blueboot.ai
",New,NO,Norway,,2026-05-24T14:20:50+00:00
b43f4fb139,Destillert,destillert.no,https://www.destillert.no/,reklamebyrå nettsider norge,Destillert Reklame - Reklamebyrå i Bergen,"Vi utvikler digital og analog reklame for din bedrift. Reklamebyrå, webdesign, annonsering, bedriftsprofilering, grafisk design, foto, video, trykk, Bergen.",,,+47 93 43 70 67,https://www.destillert.no/om-oss/,,"Destillert Reklame v.1.0, Divi, Magento, WooCommerce, WordPress","ai_interest, communication, public_sector, seo, web_agency, wordpress",100,A - High fit,"web_agency: webdesign, nettside, nettsider, website; wordpress: wordpress, wp-content, woocommerce, divi; seo: seo, søkemotoroptimalisering, google ads, synlighet; communication: kommunikasjon, innhold, content; public_sector: stat, helse; ai_interest: ai, ki; has services/customers/cases language; offers maintenance/support; agency language: vi lager nettsider, vi utvikler",Offer BlueSearch as an AI product-search add-on for WooCommerce stores — boosts conversion and can be sold as a recurring service.,AI search add-on for Destillert's website customers,"Hi Destillert,

I noticed you work with websites and digital customer communication in Norway. We build BlueSearch, an AI-powered search layer that can be added to existing websites so visitors can ask questions and get answers with source links.

Why this may fit your customers:
- easy add-on for existing sites
- useful for content-heavy websites, WordPress/WooCommerce, public information and documentation
- can be sold as a recurring managed service

Suggested angle for destillert.no: Offer BlueSearch as an AI product-search add-on for WooCommerce stores — boosts conversion and can be sold as a recurring service.

Would it be useful if I sent a short demo showing how it works on a real website?

Best regards,
Leif Auke
BlueBoot R&D AS
https://blueboot.ai
",New,NO,Norway,,2026-05-24T14:20:56+00:00
d643c4d759,Snittreklame,snittreklame.no,https://snittreklame.no/om-oss/reklamebyra-bergen/,reklamebyrå nettsider norge,Reklamebyrå i Bergen - Snitt Reklamebyrå,Snitt Reklamebyrå Bergen: 20+ års erfaring i merkevarebygging og markedsføring. Få skreddersydde løsninger lokalt og etabler sterk tilstedeværelse i Bergen.,"helene@snittreklame.no, post@snittreklame.no",", ","+47 45 03 70 00, +47 91 55 89 19",https://snittreklame.no/om-oss/reklamebyra-bergen/#content,https://my.linkedin.com/company/snitt-reklamebyr-,"Elementor, Magento, WP Rocket 3.21.3, WordPress","ai_interest, communication, public_sector, seo, web_agency, wordpress",100,A - High fit,"web_agency: webdesign, nettside, nettsider, webutvikling; wordpress: wordpress, wp-content, elementor, divi; seo: seo, søkemotoroptimalisering, google ads, synlighet; communication: kommunikasjon, innhold, content; public_sector: stat; ai_interest: ai, ki; has services/customers/cases language; offers maintenance/support; agency language: vi utvikler, våre kunder, referanser",Offer BlueSearch as an AI product-search add-on for Magento stores — boosts conversion and can be sold as a recurring service.,AI search add-on for Snittreklame's website customers,"Hi Snittreklame,

I noticed you work with websites and digital customer communication in Norway. We build BlueSearch, an AI-powered search layer that can be added to existing websites so visitors can ask questions and get answers with source links.

Why this may fit your customers:
- easy add-on for existing sites
- useful for content-heavy websites, WordPress/WooCommerce, public information and documentation
- can be sold as a recurring managed service

Suggested angle for snittreklame.no: Offer BlueSearch as an AI product-search add-on for Magento stores — boosts conversion and can be sold as a recurring service.

Would it be useful if I sent a short demo showing how it works on a real website?

Best regards,
Leif Auke
BlueBoot R&D AS
https://blueboot.ai
",New,NO,Norway,,2026-05-24T14:21:19+00:00
8f2ec193d0,Relevant,relevant.no,https://relevant.no/reklamebyra-bergen/,reklamebyrå nettsider norge,Reklamebyrå Bergen | Relevant,Reklamebyrå Bergen | I Bergen befinner vi oss på Nordnes og vi trives med å hjelpe lokalbedrifter med å nå ut til sitt publikum.,"post@relevant.no, support@relevant.no",", ",+47 48 91 40 00,https://relevant.no/om-oss/,https://www.linkedin.com/company/relevantas/,"Magento, Powered by WPBakery Page Builder - drag and drop page builder for WordPress., WooCommerce, WordPress","ai_interest, communication, public_sector, seo, web_agency, wordpress",100,A - High fit,"web_agency: webdesign, nettside, nettsider, hjemmeside; wordpress: wordpress, wp-content, woocommerce, elementor; seo: seo, søkemotoroptimalisering, google ads; communication: kommunikasjon, innhold, content; public_sector: stat; ai_interest: ai, ki; has services/customers/cases language; offers maintenance/support; agency language: våre kunder, referanser, partner",Offer BlueSearch as an AI product-search add-on for WooCommerce stores — boosts conversion and can be sold as a recurring service.,AI search add-on for Relevant's website customers,"Hi Relevant,

I noticed you work with websites and digital customer communication in Norway. We build BlueSearch, an AI-powered search layer that can be added to existing websites so visitors can ask questions and get answers with source links.

Why this may fit your customers:
- easy add-on for existing sites
- useful for content-heavy websites, WordPress/WooCommerce, public information and documentation
- can be sold as a recurring managed service

Suggested angle for relevant.no: Offer BlueSearch as an AI product-search add-on for WooCommerce stores — boosts conversion and can be sold as a recurring service.

Would it be useful if I sent a short demo showing how it works on a real website?

Best regards,
Leif Auke
BlueBoot R&D AS
https://blueboot.ai
",New,NO,Norway,,2026-05-24T14:21:23+00:00
d7f42c143f,Tanterandi,tanterandi.no,https://www.tanterandi.no/,reklamebyrå nettsider norge,Tante Randi Reklamebyrå,Norges ledende byrå innen digital kreativ kommunikasjon. Tante Randi Reklamebyrå.,"18d2f96d279149989b95faf0a4b41882@sentry-next.wixpress.com, 2062d0a4929b45348643784b5cb39c36@sentry.wixpress.com, 5d1795a2db124a268f1e1bd88f503500@sentry.wixpress.com, 605a7baede844d278b89dc95ae0a9123@sentry-next.wixpress.com, 8c4075d5481d476e945486754f783364@sentry.io, 8eb368c655b84e029ed79ad7a5c1718e@sentry.wixpress.com, core-js-bundle@3.2.1, focus-within-polyfill@5.0.9, intl-segmenter@11.7.10, linn@tanterandi.no, lodash@4.17.21, react-dom@18.3.1, react@18.3.1, rspack@1.6.6, tore@tanterandi.no",", , , , , , , , , Daglig leder Linn p&aring;&nbsp;<span style=""text-decoration, , , , , leder Tore p&aring;&nbsp;<span style=""text-decoration:underl","+47 41 50 75 44, +47 46 43 27 73",https://www.tanterandi.no/kontakt,https://www.linkedin.com/company/tante-randi/posts/?feedView=all,"Magento, Wix, Wix.com Website Builder, WordPress","ai_interest, communication, public_sector, seo, web_agency, wordpress",100,A - High fit,"web_agency: website; wordpress: divi; seo: seo; communication: kommunikasjon, content; public_sector: stat; ai_interest: ai, ki; has services/customers/cases language; offers maintenance/support",Offer BlueSearch as an AI product-search add-on for Magento stores — boosts conversion and can be sold as a recurring service.,AI search add-on for Tanterandi's website customers,"Hi Tanterandi,

I noticed you work with websites and digital customer communication in Norway. We build BlueSearch, an AI-powered search layer that can be added to existing websites so visitors can ask questions and get answers with source links.

Why this may fit your customers:
- easy add-on for existing sites
- useful for content-heavy websites, WordPress/WooCommerce, public information and documentation
- can be sold as a recurring managed service

Suggested angle for tanterandi.no: Offer BlueSearch as an AI product-search add-on for Magento stores — boosts conversion and can be sold as a recurring service.

Would it be useful if I sent a short demo showing how it works on a real website?

Best regards,
Leif Auke
BlueBoot R&D AS
https://blueboot.ai
",New,NO,Norway,,2026-05-24T14:21:27+00:00
ddcc51dcea,Mistrol,mistrol.no,https://www.mistrol.no/,reklamebyrå nettsider norge,Kommunikasjon | Mistrol | Vestland,"Mistrol skaper konseptuell, helhetlig og visuell kommunikasjon.  I et krysningspunkt mellom teknologi, design og kreativ utfoldelse jobber vi innen fagområdene 3D design og animasjon, reklame, innholdsmarkedsføring, digital markedsføring og design og rådgivning.","605a7baede844d278b89dc95ae0a9123@sentry-next.wixpress.com, 8eb368c655b84e029ed79ad7a5c1718e@sentry.wixpress.com, core-js-bundle@3.2.1, focus-within-polyfill@5.0.9, intl-segmenter@11.7.10, lodash@4.17.21, post@mistrol.no, react-dom@18.3.1, react@18.3.1, rspack@1.6.6, rspack@1.6.8",", , , , , , , , , , ",+47 90 12 44 13,https://www.mistrol.no/kontaktskjema,https://www.linkedin.com/company/mistrol,"Magento, Wix, Wix.com Website Builder","ai_interest, communication, public_sector, seo, web_agency, wordpress",100,A - High fit,"web_agency: nettside, website; wordpress: divi; seo: seo; communication: kommunikasjon, innhold, content; public_sector: stat; ai_interest: ai, ki; has services/customers/cases language; offers maintenance/support; agency language: våre kunder",Offer BlueSearch as an AI product-search add-on for Magento stores — boosts conversion and can be sold as a recurring service.,AI search add-on for Mistrol's website customers,"Hi Mistrol,

I noticed you work with websites and digital customer communication in Norway. We build BlueSearch, an AI-powered search layer that can be added to existing websites so visitors can ask questions and get answers with source links.

Why this may fit your customers:
- easy add-on for existing sites
- useful for content-heavy websites, WordPress/WooCommerce, public information and documentation
- can be sold as a recurring managed service

Suggested angle for mistrol.no: Offer BlueSearch as an AI product-search add-on for Magento stores — boosts conversion and can be sold as a recurring service.

Would it be useful if I sent a short demo showing how it works on a real website?

Best regards,
Leif Auke
BlueBoot R&D AS
https://blueboot.ai
",New,NO,Norway,,2026-05-24T14:21:53+00:00
876b4c3ef4,Leonardohotels,leonardohotels.co.uk,https://www.leonardohotels.co.uk/berlin/leonardo-hotel-berlin,advertising agency websites uk,Leonardo Hotel Berlin | Germany | Leonardo Hotels,Get the best accommodation deal for your next visit to Berlin with Leonardo Hotel Berlin. Spacious rooms near Charlottenburg Palace and Kurfürstendamm.,"advantageclub@leonardo-hotels.com, info.berlin@leonardo-hotels.com, reservations.east@leonardo-hotels.com",", , ","+49 30 439703600, +49 30 7554310",https://www.leonardohotels.co.uk/about,https://www.linkedin.com/company/leonardo-hotels,Magento,"ai_interest, communication, public_sector, seo, wordpress",83,A - High fit,"wordpress: divi; seo: visibility; communication: content; public_sector: university; ai_interest: ai; has services/customers/cases language; offers maintenance/support; agency language: partner, portfolio; NON-AGENCY penalty (restaurant): -30",Offer BlueSearch as an AI product-search add-on for Magento stores — boosts conversion and can be sold as a recurring service.,AI search add-on for Leonardohotels's website customers,"Hi Leonardohotels,

I noticed you work with websites and digital customer communication in United Kingdom. We build BlueSearch, an AI-powered search layer that can be added to existing websites so visitors can ask questions and get answers with source links.

Why this may fit your customers:
- easy add-on for existing sites
- useful for content-heavy websites, WordPress/WooCommerce, public information and documentation
- can be sold as a recurring managed service

Suggested angle for leonardohotels.co.uk: Offer BlueSearch as an AI product-search add-on for Magento stores — boosts conversion and can be sold as a recurring service.

Would it be useful if I sent a short demo showing how it works on a real website?

Best regards,
Leif Auke
BlueBoot R&D AS
https://blueboot.ai
",New,UK,United Kingdom,,2026-05-24T14:21:59+00:00
43fad1e78f,Hjemmesidehuset,hjemmesidehuset.no,https://hjemmesidehuset.no/,nettsider for bedrifter norge,Norges største nettsideleverandør | Hjemmesidehuset,Vi hjelper små og mellomstore bedrifter bli større på nett! Øk din synlighet og tiltrekk kunder med en profesjonell nettside fra Hjemmesidehuset.,"arnold@hjemmesidehuset.no, aron@hjemmesidehuset.no, bjaa@hjemmesidehuset.no, cani@hjemmesidehuset.no, cfj@hjemmesidehuset.no, faktura@hjemmesidehuset.no, gry@hjemmesidehuset.no, hennie@hjemmesidehuset.no, jejo@hjemmesidehuset.no, jlo@hjemmesidehuset.no, kenneth@hjemmesidehuset.no, marilen@hjemmesidehuset.no, michael@hjemmesidehuset.no, mikael@hjemmesidehuset.no, mosha@hjemmesidehuset.no, odd-geir@hjemmesidehuset.no, pererik@hjemmesidehuset.no, ragnhild@hjemmesidehuset.no, roger@hjemmesidehuset.no, ronny@hjemmesidehuset.no, sbo@hjemmesidehuset.no, schie@hjemmesidehuset.no, sebastian.bjerke@hjemmesidehuset.no, silje.breivik@hjemmesidehuset.no, support@hjemmesidehuset.no, susanne@hjemmesidehuset.no, taen@1881.no, thomas@hjemmesidehuset.no, val@hjemmesidehuset.no",", , , , , , leder<br><a href=""tel:+4797488809"" data-track-event=""click"", , , , , , , Leder for salg<br><a href=""mailto:mikael@hjemmesidehuset.no"", , Daglig leder<br><a href=""tel:+4793200293"" data-track-event="", , , , , manager<br><a href=""mailto:sbo@hjemmesidehuset.no"" data-trac, , , , , , manager<br><a href=""tel:+4792022921"" data-track-event=""click, , manager<br><a href=""mailto:val@hjemmesidehuset.no"" data-trac","+47 92 02 29 21, +47 92 43 32 82, +47 93 20 02 93, +47 97 48 88 09",https://hjemmesidehuset.no/om-oss,https://www.linkedin.com/company/hjemmesidehuset/,Magento,"ai_interest, communication, public_sector, seo, web_agency, wordpress",78,A - High fit,"web_agency: nettside, nettsider, hjemmeside, website; wordpress: divi; seo: google ads, synlighet; communication: innhold, content; public_sector: stat, helse; ai_interest: ai, ki; has services/customers/cases language; offers maintenance/support; agency language: vi lager nettsider, referanser; NON-AGENCY penalty (frisør, rørlegger): -60",Offer BlueSearch as an AI product-search add-on for Magento stores — boosts conversion and can be sold as a recurring service.,AI search add-on for Hjemmesidehuset's website customers,"Hi Hjemmesidehuset,

I noticed you work with websites and digital customer communication in Norway. We build BlueSearch, an AI-powered search layer that can be added to existing websites so visitors can ask questions and get answers with source links.

Why this may fit your customers:
- easy add-on for existing sites
- useful for content-heavy websites, WordPress/WooCommerce, public information and documentation
- can be sold as a recurring managed service

Suggested angle for hjemmesidehuset.no: Offer BlueSearch as an AI product-search add-on for Magento stores — boosts conversion and can be sold as a recurring service.

Would it be useful if I sent a short demo showing how it works on a real website?

Best regards,
Leif Auke
BlueBoot R&D AS
https://blueboot.ai
",New,NO,Norway,,2026-05-24T14:19:59+00:00
9f4cec54c9,Alfgundersen,alfgundersen.no,https://alfgundersen.no/,reklamebyrå nettsider norge,"Reklamebyrå i Bergen - Alf Gundersen Strategi, Design og Digital","Det bergenske reklamebyrået AlfGundersen kan hjelpe deg med webutvikling, kommunikasjon, branding, digital markedsføring, design og innhold.","gsap@3.12.5, heisann@alfgundersen.no, helge@alfgundersen.no, lisbeth@alfgundersen.no, mette@alfgundersen.no, sverre@alfgundersen.no, svg-inject@1.2.3",", , , , , , ","+47 55 30 11 00, +47 90 14 12 90, +47 91 87 07 88, +47 99 11 23 45, +47 99 20 23 03",https://alfgundersen.no/tjenester/#kontaktpersoner,https://www.linkedin.com/company/alf-gundersen-as/posts/?feedView=all,"HubSpot, Magento, Powered by WPBakery Page Builder - drag and drop page builder for WordPress., WooCommerce, WordPress","ai_interest, communication, public_sector, seo, web_agency, wordpress",78,A - High fit,"web_agency: webdesign, nettside, nettsider, webutvikling; wordpress: wordpress, wp-content, woocommerce, divi; seo: seo, søkemotoroptimalisering, google ads, synlighet; communication: kommunikasjon, innhold, content; public_sector: kommune, offentlig, stat; ai_interest: ai, ki, kunstig intelligens, chatgpt; has services/customers/cases language; offers maintenance/support; agency language: vi utvikler, våre kunder, referanser; NON-AGENCY penalty (forsikring, bank ): -60",Offer BlueSearch as an AI product-search add-on for WooCommerce stores — boosts conversion and can be sold as a recurring service.,AI search add-on for Alfgundersen's website customers,"Hi Alfgundersen,

I noticed you work with websites and digital customer communication in Norway. We build BlueSearch, an AI-powered search layer that can be added to existing websites so visitors can ask questions and get answers with source links.

Why this may fit your customers:
- easy add-on for existing sites
- useful for content-heavy websites, WordPress/WooCommerce, public information and documentation
- can be sold as a recurring managed service

Suggested angle for alfgundersen.no: Offer BlueSearch as an AI product-search add-on for WooCommerce stores — boosts conversion and can be sold as a recurring service.

Would it be useful if I sent a short demo showing how it works on a real website?

Best regards,
Leif Auke
BlueBoot R&D AS
https://blueboot.ai
",New,NO,Norway,,2026-05-24T14:21:06+00:00
e5134748ad,Agenciatributaria,agenciatributaria.gob.es,https://sede.agenciatributaria.gob.es/,agencia digital páginas web españa,Agencia Tributaria: Inicio,,,,,https://sede.agenciatributaria.gob.es/Sede/contacta-nosotros.html,,,"ai_interest, communication, public_sector, wordpress",69,B - Good fit,"wordpress: divi; communication: contenido, content; public_sector: municipio; ai_interest: ia, ai; has services/customers/cases language",Offer BlueSearch as a WordPress/WooCommerce AI-search add-on for their customer base.,AI search add-on for Agenciatributaria's website customers,"Hi Agenciatributaria,

I noticed you work with websites and digital customer communication in Spain. We build BlueSearch, an AI-powered search layer that can be added to existing websites so visitors can ask questions and get answers with source links.

Why this may fit your customers:
- easy add-on for existing sites
- useful for content-heavy websites, WordPress/WooCommerce, public information and documentation
- can be sold as a recurring managed service

Suggested angle for agenciatributaria.gob.es: Offer BlueSearch as a WordPress/WooCommerce AI-search add-on for their customer base.

Would it be useful if I sent a short demo showing how it works on a real website?

Best regards,
Leif Auke
BlueBoot R&D AS
https://blueboot.ai
",New,ES,Spain,,2026-05-24T14:18:47+00:00
fb2fed7b91,Topofmind,topofmind.no,https://topofmind.no/,reklamebyrå nettsider norge,Ditt kreative reklamebyrå - Top Of Mind,"Vi jobber med strategi, design og innhold, og leverer alt fra video, foto og podcast til sosiale medier, nettsider og annonsering. Enten du trenger én konkret","adam@topofmind.no, hallo@topofmind.no, jon@topofmind.no, konstanse@topofmind.no, petter@topofmind.no, sturle@topofmind.no, tomandre@topofmind.no",", , , , Daglig Leder </div> </div><div class=""module module-buttons, , leder </div> </div><div class=""module module-buttons tb_1zs6","+47 46 76 57 47, +47 97 15 47 80",https://topofmind.no/#kontakt,https://www.linkedin.com/company/topofmindas/,"Magento, WordPress, WordPress 6.9.4","ai_interest, communication, public_sector, seo, web_agency, wordpress",68,B - Good fit,"web_agency: webdesign, nettside, nettsider, website; wordpress: wordpress, wp-content, elementor; seo: seo, søkemotoroptimalisering, synlighet; communication: kommunikasjon, innhold, content; public_sector: kommune, stat, universitet; ai_interest: ai, ki; has services/customers/cases language; offers maintenance/support; agency language: våre kunder; NON-AGENCY penalty (apotek, regnskap): -60",Offer BlueSearch as an AI product-search add-on for Magento stores — boosts conversion and can be sold as a recurring service.,AI search add-on for Topofmind's website customers,"Hi Topofmind,

I noticed you work with websites and digital customer communication in Norway. We build BlueSearch, an AI-powered search layer that can be added to existing websites so visitors can ask questions and get answers with source links.

Why this may fit your customers:
- easy add-on for existing sites
- useful for content-heavy websites, WordPress/WooCommerce, public information and documentation
- can be sold as a recurring managed service

Suggested angle for topofmind.no: Offer BlueSearch as an AI product-search add-on for Magento stores — boosts conversion and can be sold as a recurring service.

Would it be useful if I sent a short demo showing how it works on a real website?

Best regards,
Leif Auke
BlueBoot R&D AS
https://blueboot.ai
",New,NO,Norway,,2026-05-24T14:21:30+00:00
512fe57745,Talktalk,talktalk.co.uk,https://community.talktalk.co.uk/t5/Email/bd-p/myemail/redirect_from_archived_page/true,ux design websites uk,Email - TalkTalk Community,This is the place to be to ask any questions you have about your email,bootstrap@4.6.2,,"+44 1205 202605, +44 1205 202606, +44 1305 202603, +44 1305 202611, +44 1405 202609, +44 1505 202601, +44 1505 202604, +44 1505 202607, +44 1505 202610, +44 1505 202612, +44 24 0320 2610, +44 345 172 0088",https://help-centre.talktalk.co.uk/Billing_and_Payments/Something_else/How_to_contact_TalkTalk_Broadband?_gl=1*1ctbv3n*_gcl_au*NDQwOTAyNzk5LjE3Njg5MDE3NDE.*_ga*MTI0MjcxNzUwOC4xNzY4OTAxNzM5*_ga_88BDJ58K51*czE3NzUxNDQzNzMkbzE2JGcxJHQxNzc1MTQ1NjEzJGo2MCRsMCRoMA..*_ga_YTQP0WVCW5*czE3NzUxNDQzNzMkbzE2JGcxJHQxNzc1MTQ1NjE0JGo1OSRsMCRoMTEwODE0MjI1NA..,https://www.linkedin.com/company/talktalk,"Contentful, Magento, MindTouch, Optimizely CMS","ai_interest, communication, seo",58,B - Good fit,"seo: seo, visibility; communication: content; ai_interest: ai; has services/customers/cases language; offers maintenance/support","Position BlueSearch as an AI search layer on top of Episerver/Optimizely — no rebuild needed, instant upgrade for content-heavy customer sites.",AI search add-on for Talktalk's website customers,"Hi Talktalk,

I noticed you work with websites and digital customer communication in United Kingdom. We build BlueSearch, an AI-powered search layer that can be added to existing websites so visitors can ask questions and get answers with source links.

Why this may fit your customers:
- easy add-on for existing sites
- useful for content-heavy websites, WordPress/WooCommerce, public information and documentation
- can be sold as a recurring managed service

Suggested angle for talktalk.co.uk: Position BlueSearch as an AI search layer on top of Episerver/Optimizely — no rebuild needed, instant upgrade for content-heavy customer sites.

Would it be useful if I sent a short demo showing how it works on a real website?

Best regards,
Leif Auke
BlueBoot R&D AS
https://blueboot.ai
",New,UK,United Kingdom,,2026-05-24T14:20:36+00:00
1025606b2d,Ahoi Schiff,ahoi-schiff.de,https://www.ahoi-schiff.de/aida/service/myaida,webentwicklung deutschland,MyAIDA: Das Reiseportal von AIDA,MyAIDA - Was ist das eigentlich? Überblick über die Funktionen des beliebten AIDA Kundenportals.,service@ahoi-schiff.de,,"+49 228 38757256, +49 2909 2025, +49 5062 638, +49 5062 68, +49 6062 638",https://www.ahoi-schiff.de/kontakt,,Magento,"ai_interest, communication, public_sector, web_agency, wordpress",54,C - Maybe,"web_agency: homepage; wordpress: divi; communication: content, inhalte; public_sector: öffentlich; ai_interest: ki, ai; has services/customers/cases language; agency language: unsere kunden, partner, portfolio; NON-AGENCY penalty (restaurant, versicherung): -60",Offer BlueSearch as an AI product-search add-on for Magento stores — boosts conversion and can be sold as a recurring service.,AI search add-on for Ahoi Schiff's website customers,"Hi Ahoi Schiff,

I noticed you work with websites and digital customer communication in Germany. We build BlueSearch, an AI-powered search layer that can be added to existing websites so visitors can ask questions and get answers with source links.

Why this may fit your customers:
- easy add-on for existing sites
- useful for content-heavy websites, WordPress/WooCommerce, public information and documentation
- can be sold as a recurring managed service

Suggested angle for ahoi-schiff.de: Offer BlueSearch as an AI product-search add-on for Magento stores — boosts conversion and can be sold as a recurring service.

Would it be useful if I sent a short demo showing how it works on a real website?

Best regards,
Leif Auke
BlueBoot R&D AS
https://blueboot.ai
",New,DE,Germany,,2026-05-24T14:18:59+00:00
1db8d44a41,Chatbotgpt,chatbotgpt.fr,https://www.chatbotgpt.fr/chatgpt-francais.html,développement web france,ChatGPT FranÃ§ais disponible gratuitement en ligne : accÃ©dez en 1 clic,ChatGPT en franÃ§ais - Essayez facilement et gratuitement.,,,,,,Magento,"ai_interest, communication, web_agency",51,C - Maybe,"web_agency: website; communication: contenu, content; ai_interest: ia, intelligence artificielle, ai, chatgpt",Offer BlueSearch as an AI product-search add-on for Magento stores — boosts conversion and can be sold as a recurring service.,AI search add-on for Chatbotgpt's website customers,"Hi Chatbotgpt,

I noticed you work with websites and digital customer communication in France. We build BlueSearch, an AI-powered search layer that can be added to existing websites so visitors can ask questions and get answers with source links.

Why this may fit your customers:
- easy add-on for existing sites
- useful for content-heavy websites, WordPress/WooCommerce, public information and documentation
- can be sold as a recurring managed service

Suggested angle for chatbotgpt.fr: Offer BlueSearch as an AI product-search add-on for Magento stores — boosts conversion and can be sold as a recurring service.

Would it be useful if I sent a short demo showing how it works on a real website?

Best regards,
Leif Auke
BlueBoot R&D AS
https://blueboot.ai
",New,FR,France,,2026-05-24T14:19:03+00:00
b6b0e3fca7,Uniweb,uniweb.no,https://www.uniweb.no/nettside/nettsidebygger/,nettsider for bedrifter norge,Nettsidebygger fra Uniweb | Nettsider gjort enkelt | Uniweb,Skal du lage nettside? Prøv vår nettsidebygger – et enkelt verktøy som hjelper deg å lage nettside selv. Designmaler. AI-verktøy. Nettbutikk.,support@uniweb.no,,+47 33 33 38 20,https://www.uniweb.no/kontakt-oss/,https://www.linkedin.com/company/uniweb-as/,"Magento, WordPress, WordPress 6.9.4","ai_interest, communication, public_sector, seo, web_agency, wordpress",48,C - Maybe,"web_agency: nettside, nettsider, hjemmeside, website; wordpress: wordpress, wp-content; seo: seo, search engine optimization; communication: innhold, content; public_sector: stat; ai_interest: ai, ki, kunstig intelligens; has services/customers/cases language; offers maintenance/support; agency language: våre kunder, partner, portefølje; NON-AGENCY penalty (handlekurv, frisør, restaurant): -90",Offer BlueSearch as an AI product-search add-on for Magento stores — boosts conversion and can be sold as a recurring service.,AI search add-on for Uniweb's website customers,"Hi Uniweb,

I noticed you work with websites and digital customer communication in Norway. We build BlueSearch, an AI-powered search layer that can be added to existing websites so visitors can ask questions and get answers with source links.

Why this may fit your customers:
- easy add-on for existing sites
- useful for content-heavy websites, WordPress/WooCommerce, public information and documentation
- can be sold as a recurring managed service

Suggested angle for uniweb.no: Offer BlueSearch as an AI product-search add-on for Magento stores — boosts conversion and can be sold as a recurring service.

Would it be useful if I sent a short demo showing how it works on a real website?

Best regards,
Leif Auke
BlueBoot R&D AS
https://blueboot.ai
",New,NO,Norway,,2026-05-24T14:20:05+00:00
3a29c67403,Mirror,mirror.co.uk,https://www.mirror.co.uk/all-about/bbc-news,digital agency websites uk,"BBC News - Latest news, opinion, features, previews, video - The Mirror",,custom-elements@1.1.0,,,https://www.mirror.co.uk/all-about/mirror-more-hopeful,,"DotNetNuke, Magento","ai_interest, communication, public_sector, seo, wordpress",43,C - Maybe,"wordpress: divi; seo: visibility; communication: content; public_sector: government, nhs, charity; ai_interest: ai; has services/customers/cases language; offers maintenance/support; agency language: partner; NON-AGENCY penalty (supermarket, bank ): -60",BlueSearch adds modern AI search to DotNetNuke sites — a recurring managed service with no core changes needed.,AI search add-on for Mirror's website customers,"Hi Mirror,

I noticed you work with websites and digital customer communication in United Kingdom. We build BlueSearch, an AI-powered search layer that can be added to existing websites so visitors can ask questions and get answers with source links.

Why this may fit your customers:
- easy add-on for existing sites
- useful for content-heavy websites, WordPress/WooCommerce, public information and documentation
- can be sold as a recurring managed service

Suggested angle for mirror.co.uk: BlueSearch adds modern AI search to DotNetNuke sites — a recurring managed service with no core changes needed.

Would it be useful if I sent a short demo showing how it works on a real website?

Best regards,
Leif Auke
BlueBoot R&D AS
https://blueboot.ai
",New,UK,United Kingdom,,2026-05-24T14:18:44+00:00
e61fa2f5d3,Orthotix,orthotix.co.uk,https://www.orthotix.co.uk/collections/fitville,builds websites businesses uk,FitVille Wide Fit Orthopaedic Shoes | Comfort Footwear | Orthotix | Orthotix Limited T/a Orthotix Healthcare,"Shop FitVille Extra-Wide Shoes Designed For Foot Conditions Including Bunions, Plantar Fasciitis, And Diabetes - Supportive, Cushioned, Comfortable. FREE Standard UK Delivery!",enquiries@orthotix.co.uk,,"+44 29 2037 0696, +44 29 2037 0697",https://www.orthotix.co.uk/pages/about,https://www.linkedin.com/company/the-pth-group/,"BigCommerce, Shopify","ai_interest, communication, public_sector, seo, wordpress",23,D - Low fit,"wordpress: divi; seo: seo, visibility; communication: content; public_sector: nhs; ai_interest: ai; has services/customers/cases language; offers maintenance/support; agency language: partner, portfolio, projects; NON-AGENCY penalty (add to cart, checkout, in stock): -90",Offer BlueSearch as an AI product-search add-on for Shopify stores — boosts conversion and can be sold as a recurring service.,AI search add-on for Orthotix's website customers,"Hi Orthotix,

I noticed you work with websites and digital customer communication in United Kingdom. We build BlueSearch, an AI-powered search layer that can be added to existing websites so visitors can ask questions and get answers with source links.

Why this may fit your customers:
- easy add-on for existing sites
- useful for content-heavy websites, WordPress/WooCommerce, public information and documentation
- can be sold as a recurring managed service

Suggested angle for orthotix.co.uk: Offer BlueSearch as an AI product-search add-on for Shopify stores — boosts conversion and can be sold as a recurring service.

Would it be useful if I sent a short demo showing how it works on a real website?

Best regards,
Leif Auke
BlueBoot R&D AS
https://blueboot.ai
",New,UK,United Kingdom,,2026-05-24T14:19:37+00:00
e773fbacf8,Apriil,apriil.no,https://apriil.no/,reklamebyrå nettsider norge,Hjem | Apriil,,din@epost.no,,"+47 41 43 22 28, +47 41 51 63 95, +47 46 50 57 88, +47 90 13 29 40, +47 92 04 36 93, +47 92 14 80 24, +47 92 44 25 93, +47 93 01 49 81, +47 93 05 50 62, +47 93 28 25 49, +47 93 48 01 95, +47 95 22 47 14, +47 95 44 97 14, +47 95 80 47 69, +47 97 04 57 04, +47 97 67 12 33, +47 99 26 22 72, +47 99 74 75 94",https://apriil.no/kontakt-oss,https://no.linkedin.com/company/apriil-no,DotNetNuke,"ai_interest, communication, public_sector, seo, web_agency",23,D - Low fit,"web_agency: nettside, nettsider, webutvikling, website; seo: seo, søkemotoroptimalisering, google ads, synlighet; communication: kommunikasjon, innhold, content; public_sector: kommune, offentlig, stat, helse; ai_interest: ai, ki, kunstig intelligens, chatgpt; has services/customers/cases language; offers maintenance/support; agency language: vi utvikler, våre kunder, referanser; NON-AGENCY penalty (restaurant, eiendomsmegler, bank ): -90",BlueSearch adds modern AI search to DotNetNuke sites — a recurring managed service with no core changes needed.,AI search add-on for Apriil's website customers,"Hi Apriil,

I noticed you work with websites and digital customer communication in Norway. We build BlueSearch, an AI-powered search layer that can be added to existing websites so visitors can ask questions and get answers with source links.

Why this may fit your customers:
- easy add-on for existing sites
- useful for content-heavy websites, WordPress/WooCommerce, public information and documentation
- can be sold as a recurring managed service

Suggested angle for apriil.no: BlueSearch adds modern AI search to DotNetNuke sites — a recurring managed service with no core changes needed.

Would it be useful if I sent a short demo showing how it works on a real website?

Best regards,
Leif Auke
BlueBoot R&D AS
https://blueboot.ai
",New,NO,Norway,,2026-05-24T14:21:49+00:00
2ac461da6e,Thefitville,thefitville.uk,https://thefitville.uk/,builds websites businesses uk,Liberate Your Toes with Comfortable Shoes|FitVilleUK,"Get the most comfortable shoes for men & women at FitVilleUK's official website. Therapeutic, Comfort, and Support Technology eases foot pain with a wide box!","contact@thefitville.com, u003econtact@thefitville.com",", ",,https://thefitville.uk/,,"Magento, Shopify","ai_interest, communication, public_sector, seo, wordpress",13,D - Low fit,"wordpress: divi; seo: seo, google ads, visibility; communication: content; public_sector: charity; ai_interest: ai; has services/customers/cases language; offers maintenance/support; agency language: partner; NON-AGENCY penalty (add to cart, buy now, free shipping): -90",Offer BlueSearch as an AI product-search add-on for Magento stores — boosts conversion and can be sold as a recurring service.,AI search add-on for Thefitville's website customers,"Hi Thefitville,

I noticed you work with websites and digital customer communication in United Kingdom. We build BlueSearch, an AI-powered search layer that can be added to existing websites so visitors can ask questions and get answers with source links.

Why this may fit your customers:
- easy add-on for existing sites
- useful for content-heavy websites, WordPress/WooCommerce, public information and documentation
- can be sold as a recurring managed service

Suggested angle for thefitville.uk: Offer BlueSearch as an AI product-search add-on for Magento stores — boosts conversion and can be sold as a recurring service.

Would it be useful if I sent a short demo showing how it works on a real website?

Best regards,
Leif Auke
BlueBoot R&D AS
https://blueboot.ai
",New,UK,United Kingdom,,2026-05-24T14:19:26+00:00
